Workbook

Sheet Project_Overview
A4: Project Title: | B4: Manufacturing Payroll Analysis
A5: Objective: | B5: Simulate a basic payroll process using fictional employee data.
A6: Tools Used: | B6: Microsoft Excel
A7: Functions Used: | B7: VLOOKUP, IF, IFERROR, SUMIFS, COUNTIFS
A8: Key Analysis: | B8: Payroll calculation, department summary, overtime review, payroll exception checking
A9: Disclaimer: | B9: All employee data and payroll rules in this project are fictional and used only for learning purposes.

Sheet Employee_Master
A1: EMPLOYEE MASTER — DUMMY DATA
A3: Employee ID | B3: Employee Name | C3: Department | D3: Position | E3: Grade | F3: Status | G3: Basic Salary | H3: Fixed Allowance | I3: OT Rate / Hour
A4: E001 | B4: Andi Pratama | C4: Production | D4: Operator | E4: G1 | F4: Active | G4: 5300000 | H4: 350000 | I4: 45000
A5: E002 | B5: Rina Putri | C5: Quality Control | D5: QC Staff | E5: G2 | F5: Active | G5: 6100000 | H5: 450000 | I5: 50000
A6: E003 | B6: Budi Santoso | C6: Warehouse | D6: Warehouse Staff | E6: G1 | F6: Active | G6: 5600000 | H6: 350000 | I6: 45000
A7: E004 | B7: Sari Wulandari | C7: Engineering | D7: Technician | E7: G2 | F7: Active | G7: 6600000 | H7: 500000 | I7: 55000
A8: E005 | B8: Dimas Saputra | C8: Finance | D8: Finance Staff | E8: G2 | F8: Active | G8: 6100000 | H8: 450000 | I8: 50000
A9: E006 | B9: Nadia Lestari | C9: HR | D9: HR Staff | E9: G2 | F9: Active | G9: 6100000 | H9: 450000 | I9: 50000
A10: E007 | B10: Fajar Nugroho | C10: Production | D10: Operator | E10: G1 | F10: Active | G10: 5400000 | H10: 350000 | I10: 45000
A11: E008 | B11: Maya Anggraini | C11: Quality Control | D11: QC Staff | E11: G2 | F11: Active | G11: 6200000 | H11: 450000 | I11: 50000
A12: E009 | B12: Rizky Maulana | C12: Warehouse | D12: Warehouse Staff | E12: G1 | F12: Active | G12: 5700000 | H12: 350000 | I12: 45000
A13: E010 | B13: Dewi Kartika | C13: Engineering | D13: Technician | E13: G2 | F13: Active | G13: 6200000 | H13: 500000 | I13: 55000
A14: E011 | B14: Arif Hidayat | C14: Finance | D14: Finance Staff | E14: G2 | F14: Active | G14: 6200000 | H14: 450000 | I14: 50000
A15: E012 | B15: Lina Marlina | C15: HR | D15: HR Staff | E15: G2 | F15: Active | G15: 6200000 | H15: 450000 | I15: 50000
... A53: E050 | B53: Selvi Rahma | C53: Quality Control | D53: QC Staff | E53: G2 | F53: Active | G53: 5900000 | H53: 450000 | I53: 50000

Sheet Attendance
A1: ATTENDANCE & OVERTIME — DUMMY DATA
A3: Employee ID | B3: Work Days | C3: Present Days | D3: Absent Days | E3: Late Days | F3: Approved OT Hours | G3: Other Deduction | H3: Note
A4: E001 | B4: 22 | C4: 22 | D4: 0 | E4: 1 | F4: 3 | G4: 25000
A5: E002 | B5: 22 | C5: 22 | D5: 0 | E5: 2 | F5: 6 | G5: 50000
A6: E003 | B6: 22 | C6: 22 | D6: 0 | E6: 3 | F6: 9 | G6: 75000
A7: E004 | B7: 22 | C7: 21 | D7: 1 | E7: 0 | F7: 12 | G7: 100000
A8: E005 | B8: 22 | C8: 22 | D8: 0 | E8: 1 | F8: 15 | G8: 25000
A9: E006 | B9: 22 | C9: 22 | D9: 0 | E9: 2 | F9: 18 | G9: 50000
A10: E007 | B10: 22 | C10: 22 | D10: 0 | E10: 3 | F10: 21 | G10: 75000
A11: E008 | B11: 22 | C11: 21 | D11: 1 | E11: 0 | F11: 65 | G11: 100000 | H11: High OT — verify
A12: E009 | B12: 22 | C12: 22 | D12: 0 | E12: 1 | F12: 27 | G12: 25000
A13: E010 | B13: 22 | C13: 22 | D13: 0 | E13: 2 | F13: 2 | G13: 50000
A14: E011 | B14: 22 | C14: 22 | D14: 0 | E14: 3 | F14: 5 | G14: 75000
A15: E012 | B15: 22 | C15: 20 | D15: 2 | E15: 0 | F15: 8 | G15: 200000
A16: E013 | B16: 22 | C16: 22 | D16: 0 | E16: 1 | F16: 11 | G16: 25000
A17: E014 | B17: 22 | C17: 22 | D17: 0 | E17: 2 | F17: 14 | G17: 50000
A18: E015 | B18: 22 | C18: 22 | D18: 0 | E18: 3 | F18: 17 | G18: 75000
A19: E016 | B19: 22 | C19: 21 | D19: 1 | E19: 0 | F19: 20 | G19: 100000
A20: E017 | B20: 22 | C20: 22 | D20: 0 | E20: 1 | F20: 23 | G20: 25000
A21: E018 | B21: 22 | C21: 22 | D21: 0 | E21: 2 | F21: 26 | G21: 50000
A22: E019 | B22: 22 | C22: 22 | D22: 0 | E22: 3 | F22: 1 | G22: 75000
A23: E020 | B23: 22 | C23: 21 | D23: 1 | E23: 0 | F23: 4 | G23: 100000
... A36: E033 | B36: 22 | C36: 22 | D36: 0 | E36: 1 | F36: 15 | G36: 25000
A37: E034 | B37: 22 | C37: 22 | D37: 0 | E37: 2 | F37: 10 | G37: 50000 | H37: Resigned employee — verify
A38: E035 | B38: 22 | C38: 22 | D38: 0 | E38: 3 | F38: 21 | G38: 75000
A39: E036 | B39: 22 | C39: 21 | D39: 1 | E39: 0 | F39: 24 | G39: 100000
A40: E037 | B40: 22 | C40: 22 | D40: 0 | E40: 1 | F40: 27 | G40: 25000
A41: E038 | B41: 22 | C41: 22 | D41: 0 | E41: 2 | F41: 2 | G41: 50000
A42: E039 | B42: 22 | C42: 22 | D42: 0 | E42: 3 | F42: 5 | G42: 75000
A43: E040 | B43: 22 | C43: 21 | D43: 1 | E43: 0 | F43: 8 | G43: 100000
A44: E041 | B44: 22 | C44: 22 | D44: 0 | E44: 1 | F44: 11 | G44: 25000
A45: E042 | B45: 22 | C45: 22 | D45: 0 | E45: 2 | F45: 14 | G45: 50000
A46: E043 | B46: 22 | C46: 22 | D46: 0 | E46: 3 | F46: 17 | G46: 75000
A47: E044 | B47: 22 | C47: 21 | D47: 1 | E47: 0 | F47: 20 | G47: 100000
A48: E045 | B48: 22 | C48: 22 | D48: 0 | E48: 1 | F48: 23 | G48: 25000
A49: E046 | B49: 22 | C49: 22 | D49: 0 | E49: 2 | F49: 26 | G49: 50000
... A53: E050 | B53: 22 | C53: 22 | D53: 0 | E53: 2 | F53: 10 | G53: 50000

Sheet Payroll
A1: PAYROLL CALCULATION & ANALYSIS
A4: Employee ID | B4: Employee Name | C4: Department | D4: Status | E4: Basic Salary | F4: Fixed Allowance | G4: Approved OT Hours | H4: OT Rate | I4: OT Pay | J4: Absent Days | K4: Attendance Allowance | L4: Other Deduction | M4: Gross Pay | N4: Net Pay | O4: Exception Check | P4: Manager Comment
A5: E001 | B5: =IFERROR(VLOOKUP(A5,Employee_Master!$A$4:$B$53,2,FALSE),"ID NOT FOUND") -> Andi Pratama | C5: =VLOOKUP(A5,Employee_Master!$A$4:$C$53,3,FALSE) -> Production | D5: =VLOOKUP(A5,Employee_Master!$A$4:$F$53,6,FALSE) -> Active | E5: =IFERROR(VLOOKUP(A5,Employee_Master!$A$4:$I$53,7,FALSE),0) -> 5300000 | F5: =IFERROR(VLOOKUP(A5,Employee_Master!$A$4:$I$53,8,FALSE),0) -> 350000 | G5: =VLOOKUP(A5,Attendance!A4:G4,6,FALSE) -> 3 | H5: =IFERROR(VLOOKUP(A5,Employee_Master!$A$4:$I$53,9,FALSE),0) -> 45000 | I5: =G5*H5 -> 135000 | J5: =IFERROR(VLOOKUP(A5,Attendance!$A$4:$G$53,4,FALSE),0) -> 0 | K5: =IF(J5=0,250000,0) -> 250000 | L5: =IFERROR(VLOOKUP(A5,Attendance!$A$4:$G$53,7,FALSE),0) -> 25000 | M5: =SUM(E5:F5,I5,K5) -> 6035000 | N5: =M5-L5 -> 6010000 | O5: =IF(D5<>"active","CHECK STATUS",IF(G5>40,"CHECK OT","OK")) -> OK | P5: =IF(O5="OK","Ready for review","Verify source data") -> Ready for review
A6: E002 | B6: =IFERROR(VLOOKUP(A6,Employee_Master!$A$4:$B$53,2,FALSE),"ID NOT FOUND") -> Rina Putri | C6: =VLOOKUP(A6,Employee_Master!$A$4:$C$53,3,FALSE) -> Quality Control | D6: =VLOOKUP(A6,Employee_Master!$A$4:$F$53,6,FALSE) -> Active | E6: =IFERROR(VLOOKUP(A6,Employee_Master!$A$4:$I$53,7,FALSE),0) -> 6100000 | F6: =IFERROR(VLOOKUP(A6,Employee_Master!$A$4:$I$53,8,FALSE),0) -> 450000 | G6: =VLOOKUP(A6,Attendance!A5:G5,6,FALSE) -> 6 | H6: =IFERROR(VLOOKUP(A6,Employee_Master!$A$4:$I$53,9,FALSE),0) -> 50000 | I6: =G6*H6 -> 300000 | J6: =IFERROR(VLOOKUP(A6,Attendance!$A$4:$G$53,4,FALSE),0) -> 0 | K6: =IF(J6=0,250000,0) -> 250000 | L6: =IFERROR(VLOOKUP(A6,Attendance!$A$4:$G$53,7,FALSE),0) -> 50000 | M6: =SUM(E6:F6,I6,K6) -> 7100000 | N6: =M6-L6 -> 7050000 | O6: =IF(D6<>"active","CHECK STATUS",IF(G6>40,"CHECK OT","OK")) -> OK | P6: =IF(O6="OK","Ready for review","Verify source data") -> Ready for review
A7: E003 | B7: =IFERROR(VLOOKUP(A7,Employee_Master!$A$4:$B$53,2,FALSE),"ID NOT FOUND") -> Budi Santoso | C7: =VLOOKUP(A7,Employee_Master!$A$4:$C$53,3,FALSE) -> Warehouse | D7: =VLOOKUP(A7,Employee_Master!$A$4:$F$53,6,FALSE) -> Active | E7: =IFERROR(VLOOKUP(A7,Employee_Master!$A$4:$I$53,7,FALSE),0) -> 5600000 | F7: =IFERROR(VLOOKUP(A7,Employee_Master!$A$4:$I$53,8,FALSE),0) -> 350000 | G7: =VLOOKUP(A7,Attendance!A6:G6,6,FALSE) -> 9 | H7: =IFERROR(VLOOKUP(A7,Employee_Master!$A$4:$I$53,9,FALSE),0) -> 45000 | I7: =G7*H7 -> 405000 | J7: =IFERROR(VLOOKUP(A7,Attendance!$A$4:$G$53,4,FALSE),0) -> 0 | K7: =IF(J7=0,250000,0) -> 250000 | L7: =IFERROR(VLOOKUP(A7,Attendance!$A$4:$G$53,7,FALSE),0) -> 75000 | M7: =SUM(E7:F7,I7,K7) -> 6605000 | N7: =M7-L7 -> 6530000 | O7: =IF(D7<>"active","CHECK STATUS",IF(G7>40,"CHECK OT","OK")) -> OK | P7: =IF(O7="OK","Ready for review","Verify source data") -> Ready for review
A8: E004 | B8: =IFERROR(VLOOKUP(A8,Employee_Master!$A$4:$B$53,2,FALSE),"ID NOT FOUND") -> Sari Wulandari | C8: =VLOOKUP(A8,Employee_Master!$A$4:$C$53,3,FALSE) -> Engineering | D8: =VLOOKUP(A8,Employee_Master!$A$4:$F$53,6,FALSE) -> Active | E8: =IFERROR(VLOOKUP(A8,Employee_Master!$A$4:$I$53,7,FALSE),0) -> 6600000 | F8: =IFERROR(VLOOKUP(A8,Employee_Master!$A$4:$I$53,8,FALSE),0) -> 500000 | G8: =VLOOKUP(A8,Attendance!A7:G7,6,FALSE) -> 12 | H8: =IFERROR(VLOOKUP(A8,Employee_Master!$A$4:$I$53,9,FALSE),0) -> 55000 | I8: =G8*H8 -> 660000 | J8: =IFERROR(VLOOKUP(A8,Attendance!$A$4:$G$53,4,FALSE),0) -> 1 | K8: =IF(J8=0,250000,0) -> 0 | L8: =IFERROR(VLOOKUP(A8,Attendance!$A$4:$G$53,7,FALSE),0) -> 100000 | M8: =SUM(E8:F8,I8,K8) -> 7760000 | N8: =M8-L8 -> 7660000 | O8: =IF(D8<>"active","CHECK STATUS",IF(G8>40,"CHECK OT","OK")) -> OK | P8: =IF(O8="OK","Ready for review","Verify source data") -> Ready for review
A9: E005 | B9: =IFERROR(VLOOKUP(A9,Employee_Master!$A$4:$B$53,2,FALSE),"ID NOT FOUND") -> Dimas Saputra | C9: =VLOOKUP(A9,Employee_Master!$A$4:$C$53,3,FALSE) -> Finance | D9: =VLOOKUP(A9,Employee_Master!$A$4:$F$53,6,FALSE) -> Active | E9: =IFERROR(VLOOKUP(A9,Employee_Master!$A$4:$I$53,7,FALSE),0) -> 6100000 | F9: =IFERROR(VLOOKUP(A9,Employee_Master!$A$4:$I$53,8,FALSE),0) -> 450000 | G9: =VLOOKUP(A9,Attendance!A8:G8,6,FALSE) -> 15 | H9: =IFERROR(VLOOKUP(A9,Employee_Master!$A$4:$I$53,9,FALSE),0) -> 50000 | I9: =G9*H9 -> 750000 | J9: =IFERROR(VLOOKUP(A9,Attendance!$A$4:$G$53,4,FALSE),0) -> 0 | K9: =IF(J9=0,250000,0) -> 250000 | L9: =IFERROR(VLOOKUP(A9,Attendance!$A$4:$G$53,7,FALSE),0) -> 25000 | M9: =SUM(E9:F9,I9,K9) -> 7550000 | N9: =M9-L9 -> 7525000 | O9: =IF(D9<>"active","CHECK STATUS",IF(G9>40,"CHECK OT","OK")) -> OK | P9: =IF(O9="OK","Ready for review","Verify source data") -> Ready for review
A10: E006 | B10: =IFERROR(VLOOKUP(A10,Employee_Master!$A$4:$B$53,2,FALSE),"ID NOT FOUND") -> Nadia Lestari | C10: =VLOOKUP(A10,Employee_Master!$A$4:$C$53,3,FALSE) -> HR | D10: =VLOOKUP(A10,Employee_Master!$A$4:$F$53,6,FALSE) -> Active | E10: =IFERROR(VLOOKUP(A10,Employee_Master!$A$4:$I$53,7,FALSE),0) -> 6100000 | F10: =IFERROR(VLOOKUP(A10,Employee_Master!$A$4:$I$53,8,FALSE),0) -> 450000 | G10: =VLOOKUP(A10,Attendance!A9:G9,6,FALSE) -> 18 | H10: =IFERROR(VLOOKUP(A10,Employee_Master!$A$4:$I$53,9,FALSE),0) -> 50000 | I10: =G10*H10 -> 900000 | J10: =IFERROR(VLOOKUP(A10,Attendance!$A$4:$G$53,4,FALSE),0) -> 0 | K10: =IF(J10=0,250000,0) -> 250000 | L10: =IFERROR(VLOOKUP(A10,Attendance!$A$4:$G$53,7,FALSE),0) -> 50000 | M10: =SUM(E10:F10,I10,K10) -> 7700000 | N10: =M10-L10 -> 7650000 | O10: =IF(D10<>"active","CHECK STATUS",IF(G10>40,"CHECK OT","OK")) -> OK | P10: =IF(O10="OK","Ready for review","Verify source data") -> Ready for review
A11: E007 | B11: =IFERROR(VLOOKUP(A11,Employee_Master!$A$4:$B$53,2,FALSE),"ID NOT FOUND") -> Fajar Nugroho | C11: =VLOOKUP(A11,Employee_Master!$A$4:$C$53,3,FALSE) -> Production | D11: =VLOOKUP(A11,Employee_Master!$A$4:$F$53,6,FALSE) -> Active | E11: =IFERROR(VLOOKUP(A11,Employee_Master!$A$4:$I$53,7,FALSE),0) -> 5400000 | F11: =IFERROR(VLOOKUP(A11,Employee_Master!$A$4:$I$53,8,FALSE),0) -> 350000 | G11: =VLOOKUP(A11,Attendance!A10:G10,6,FALSE) -> 21 | H11: =IFERROR(VLOOKUP(A11,Employee_Master!$A$4:$I$53,9,FALSE),0) -> 45000 | I11: =G11*H11 -> 945000 | J11: =IFERROR(VLOOKUP(A11,Attendance!$A$4:$G$53,4,FALSE),0) -> 0 | K11: =IF(J11=0,250000,0) -> 250000 | L11: =IFERROR(VLOOKUP(A11,Attendance!$A$4:$G$53,7,FALSE),0) -> 75000 | M11: =SUM(E11:F11,I11,K11) -> 6945000 | N11: =M11-L11 -> 6870000 | O11: =IF(D11<>"active","CHECK STATUS",IF(G11>40,"CHECK OT","OK")) -> OK | P11: =IF(O11="OK","Ready for review","Verify source data") -> Ready for review
A12: E008 | B12: =IFERROR(VLOOKUP(A12,Employee_Master!$A$4:$B$53,2,FALSE),"ID NOT FOUND") -> Maya Anggraini | C12: =VLOOKUP(A12,Employee_Master!$A$4:$C$53,3,FALSE) -> Quality Control | D12: =VLOOKUP(A12,Employee_Master!$A$4:$F$53,6,FALSE) -> Active | E12: =IFERROR(VLOOKUP(A12,Employee_Master!$A$4:$I$53,7,FALSE),0) -> 6200000 | F12: =IFERROR(VLOOKUP(A12,Employee_Master!$A$4:$I$53,8,FALSE),0) -> 450000 | G12: =VLOOKUP(A12,Attendance!A11:G11,6,FALSE) -> 65 | H12: =IFERROR(VLOOKUP(A12,Employee_Master!$A$4:$I$53,9,FALSE),0) -> 50000 | I12: =G12*H12 -> 3250000 | J12: =IFERROR(VLOOKUP(A12,Attendance!$A$4:$G$53,4,FALSE),0) -> 1 | K12: =IF(J12=0,250000,0) -> 0 | L12: =IFERROR(VLOOKUP(A12,Attendance!$A$4:$G$53,7,FALSE),0) -> 100000 | M12: =SUM(E12:F12,I12,K12) -> 9900000 | N12: =M12-L12 -> 9800000 | O12: =IF(D12<>"active","CHECK STATUS",IF(G12>40,"CHECK OT","OK")) -> CHECK OT | P12: =IF(O12="OK","Ready for review","Verify source data") -> Verify source data
A13: E009 | B13: =IFERROR(VLOOKUP(A13,Employee_Master!$A$4:$B$53,2,FALSE),"ID NOT FOUND") -> Rizky Maulana | C13: =VLOOKUP(A13,Employee_Master!$A$4:$C$53,3,FALSE) -> Warehouse | D13: =VLOOKUP(A13,Employee_Master!$A$4:$F$53,6,FALSE) -> Active | E13: =IFERROR(VLOOKUP(A13,Employee_Master!$A$4:$I$53,7,FALSE),0) -> 5700000 | F13: =IFERROR(VLOOKUP(A13,Employee_Master!$A$4:$I$53,8,FALSE),0) -> 350000 | G13: =VLOOKUP(A13,Attendance!A12:G12,6,FALSE) -> 27 | H13: =IFERROR(VLOOKUP(A13,Employee_Master!$A$4:$I$53,9,FALSE),0) -> 45000 | I13: =G13*H13 -> 1215000 | J13: =IFERROR(VLOOKUP(A13,Attendance!$A$4:$G$53,4,FALSE),0) -> 0 | K13: =IF(J13=0,250000,0) -> 250000 | L13: =IFERROR(VLOOKUP(A13,Attendance!$A$4:$G$53,7,FALSE),0) -> 25000 | M13: =SUM(E13:F13,I13,K13) -> 7515000 | N13: =M13-L13 -> 7490000 | O13: =IF(D13<>"active","CHECK STATUS",IF(G13>40,"CHECK OT","OK")) -> OK | P13: =IF(O13="OK","Ready for review","Verify source data") -> Ready for review
A14: E010 | B14: =IFERROR(VLOOKUP(A14,Employee_Master!$A$4:$B$53,2,FALSE),"ID NOT FOUND") -> Dewi Kartika | C14: =VLOOKUP(A14,Employee_Master!$A$4:$C$53,3,FALSE) -> Engineering | D14: =VLOOKUP(A14,Employee_Master!$A$4:$F$53,6,FALSE) -> Active | E14: =IFERROR(VLOOKUP(A14,Employee_Master!$A$4:$I$53,7,FALSE),0) -> 6200000 | F14: =IFERROR(VLOOKUP(A14,Employee_Master!$A$4:$I$53,8,FALSE),0) -> 500000 | G14: =VLOOKUP(A14,Attendance!A13:G13,6,FALSE) -> 2 | H14: =IFERROR(VLOOKUP(A14,Employee_Master!$A$4:$I$53,9,FALSE),0) -> 55000 | I14: =G14*H14 -> 110000 | J14: =IFERROR(VLOOKUP(A14,Attendance!$A$4:$G$53,4,FALSE),0) -> 0 | K14: =IF(J14=0,250000,0) -> 250000 | L14: =IFERROR(VLOOKUP(A14,Attendance!$A$4:$G$53,7,FALSE),0) -> 50000 | M14: =SUM(E14:F14,I14,K14) -> 7060000 | N14: =M14-L14 -> 7010000 | O14: =IF(D14<>"active","CHECK STATUS",IF(G14>40,"CHECK OT","OK")) -> OK | P14: =IF(O14="OK","Ready for review","Verify source data") -> Ready for review
A15: E011 | B15: =IFERROR(VLOOKUP(A15,Employee_Master!$A$4:$B$53,2,FALSE),"ID NOT FOUND") -> Arif Hidayat | C15: =VLOOKUP(A15,Employee_Master!$A$4:$C$53,3,FALSE) -> Finance | D15: =VLOOKUP(A15,Employee_Master!$A$4:$F$53,6,FALSE) -> Active | E15: =IFERROR(VLOOKUP(A15,Employee_Master!$A$4:$I$53,7,FALSE),0) -> 6200000 | F15: =IFERROR(VLOOKUP(A15,Employee_Master!$A$4:$I$53,8,FALSE),0) -> 450000 | G15: =VLOOKUP(A15,Attendance!A14:G14,6,FALSE) -> 5 | H15: =IFERROR(VLOOKUP(A15,Employee_Master!$A$4:$I$53,9,FALSE),0) -> 50000 | I15: =G15*H15 -> 250000 | J15: =IFERROR(VLOOKUP(A15,Attendance!$A$4:$G$53,4,FALSE),0) -> 0 | K15: =IF(J15=0,250000,0) -> 250000 | L15: =IFERROR(VLOOKUP(A15,Attendance!$A$4:$G$53,7,FALSE),0) -> 75000 | M15: =SUM(E15:F15,I15,K15) -> 7150000 | N15: =M15-L15 -> 7075000 | O15: =IF(D15<>"active","CHECK STATUS",IF(G15>40,"CHECK OT","OK")) -> OK | P15: =IF(O15="OK","Ready for review","Verify source data") -> Ready for review
A16: E012 | B16: =IFERROR(VLOOKUP(A16,Employee_Master!$A$4:$B$53,2,FALSE),"ID NOT FOUND") -> Lina Marlina | C16: =VLOOKUP(A16,Employee_Master!$A$4:$C$53,3,FALSE) -> HR | D16: =VLOOKUP(A16,Employee_Master!$A$4:$F$53,6,FALSE) -> Active | E16: =IFERROR(VLOOKUP(A16,Employee_Master!$A$4:$I$53,7,FALSE),0) -> 6200000 | F16: =IFERROR(VLOOKUP(A16,Employee_Master!$A$4:$I$53,8,FALSE),0) -> 450000 | G16: =VLOOKUP(A16,Attendance!A15:G15,6,FALSE) -> 8 | H16: =IFERROR(VLOOKUP(A16,Employee_Master!$A$4:$I$53,9,FALSE),0) -> 50000 | I16: =G16*H16 -> 400000 | J16: =IFERROR(VLOOKUP(A16,Attendance!$A$4:$G$53,4,FALSE),0) -> 2 | K16: =IF(J16=0,250000,0) -> 0 | L16: =IFERROR(VLOOKUP(A16,Attendance!$A$4:$G$53,7,FALSE),0) -> 200000 | M16: =SUM(E16:F16,I16,K16) -> 7050000 | N16: =M16-L16 -> 6850000 | O16: =IF(D16<>"active","CHECK STATUS",IF(G16>40,"CHECK OT","OK")) -> OK | P16: =IF(O16="OK","Ready for review","Verify source data") -> Ready for review
... A54: E050 | B54: =IFERROR(VLOOKUP(A54,Employee_Master!$A$4:$B$53,2,FALSE),"ID NOT FOUND") -> Selvi Rahma | C54: =VLOOKUP(A54,Employee_Master!$A$4:$C$53,3,FALSE) -> Quality Control | D54: =VLOOKUP(A54,Employee_Master!$A$4:$F$53,6,FALSE) -> Active | E54: =IFERROR(VLOOKUP(A54,Employee_Master!$A$4:$I$53,7,FALSE),0) -> 5900000 | F54: =IFERROR(VLOOKUP(A54,Employee_Master!$A$4:$I$53,8,FALSE),0) -> 450000 | G54: =VLOOKUP(A54,Attendance!A53:G53,6,FALSE) -> 10 | H54: =IFERROR(VLOOKUP(A54,Employee_Master!$A$4:$I$53,9,FALSE),0) -> 50000 | I54: =G54*H54 -> 500000 | J54: =IFERROR(VLOOKUP(A54,Attendance!$A$4:$G$53,4,FALSE),0) -> 0 | K54: =IF(J54=0,250000,0) -> 250000 | L54: =IFERROR(VLOOKUP(A54,Attendance!$A$4:$G$53,7,FALSE),0) -> 50000 | M54: =SUM(E54:F54,I54,K54) -> 7100000 | N54: =M54-L54 -> 7050000 | O54: =IF(D54<>"active","CHECK STATUS",IF(G54>40,"CHECK OT","OK")) -> OK | P54: =IF(O54="OK","Ready for review","Verify source data") -> Ready for review

Sheet Department_Summary
A1: DEPARTMENT SUMMARY — MANAGEMENT VIEW
A3: Department | B3: Headcount | C3: Total Basic Salary | D3: Total OT Hours | E3: Total OT Pay | F3: Total Gross Pay | G3: Total Net Pay | H3: Exception Count
A4: Production | B4: =COUNTIFS(Payroll!$C$5:$C$54,A4,Payroll!$D$5:$D$54,"Active") -> 9 | C4: =SUMIFS(Payroll!$E$5:$E$54,Payroll!$C$5:$C$54,A4) -> 48800000 | D4: =SUMIFS(Payroll!$G$5:$G$54,Payroll!C5:C54,A4) -> 115 | E4: =SUMIFS(Payroll!$I$5:$I$54,Payroll!$C$5:$C$54,A4) -> 5175000 | F4: =SUMIFS(Payroll!$M$5:$M$54,Payroll!$C$5:$C$54,A4) -> 59375000 | G4: =SUMIFS(Payroll!$N$5:$N$54,Payroll!$C$5:$C$54,A4) -> 58950000 | H4: =COUNTIFS(Payroll!$C$5:$C$54,A4,Payroll!$O$5:$O$54,"<>OK") -> 0
A5: Quality Control | B5: =COUNTIFS(Payroll!$C$5:$C$54,A5,Payroll!$D$5:$D$54,"Active") -> 9 | C5: =SUMIFS(Payroll!$E$5:$E$54,Payroll!$C$5:$C$54,A5) -> 55000000 | D5: =SUMIFS(Payroll!$G$5:$G$54,Payroll!C6:C55,A5) -> 115 | E5: =SUMIFS(Payroll!$I$5:$I$54,Payroll!$C$5:$C$54,A5) -> 7750000 | F5: =SUMIFS(Payroll!$M$5:$M$54,Payroll!$C$5:$C$54,A5) -> 68050000 | G5: =SUMIFS(Payroll!$N$5:$N$54,Payroll!$C$5:$C$54,A5) -> 67400000 | H5: =COUNTIFS(Payroll!$C$5:$C$54,A5,Payroll!$O$5:$O$54,"<>OK") -> 1
A6: Warehouse | B6: =COUNTIFS(Payroll!$C$5:$C$54,A6,Payroll!$D$5:$D$54,"Active") -> 8 | C6: =SUMIFS(Payroll!$E$5:$E$54,Payroll!$C$5:$C$54,A6) -> 44100000 | D6: =SUMIFS(Payroll!$G$5:$G$54,Payroll!C7:C56,A6) -> 108 | E6: =SUMIFS(Payroll!$I$5:$I$54,Payroll!$C$5:$C$54,A6) -> 5760000 | F6: =SUMIFS(Payroll!$M$5:$M$54,Payroll!$C$5:$C$54,A6) -> 54660000 | G6: =SUMIFS(Payroll!$N$5:$N$54,Payroll!$C$5:$C$54,A6) -> 54260000 | H6: =COUNTIFS(Payroll!$C$5:$C$54,A6,Payroll!$O$5:$O$54,"<>OK") -> 0
A7: Engineering | B7: =COUNTIFS(Payroll!$C$5:$C$54,A7,Payroll!$D$5:$D$54,"Active") -> 7 | C7: =SUMIFS(Payroll!$E$5:$E$54,Payroll!$C$5:$C$54,A7) -> 51100000 | D7: =SUMIFS(Payroll!$G$5:$G$54,Payroll!C8:C57,A7) -> 108 | E7: =SUMIFS(Payroll!$I$5:$I$54,Payroll!$C$5:$C$54,A7) -> 4840000 | F7: =SUMIFS(Payroll!$M$5:$M$54,Payroll!$C$5:$C$54,A7) -> 60940000 | G7: =SUMIFS(Payroll!$N$5:$N$54,Payroll!$C$5:$C$54,A7) -> 60340000 | H7: =COUNTIFS(Payroll!$C$5:$C$54,A7,Payroll!$O$5:$O$54,"<>OK") -> 1
A8: Finance | B8: =COUNTIFS(Payroll!$C$5:$C$54,A8,Payroll!$D$5:$D$54,"Active") -> 7 | C8: =SUMIFS(Payroll!$E$5:$E$54,Payroll!$C$5:$C$54,A8) -> 50100000 | D8: =SUMIFS(Payroll!$G$5:$G$54,Payroll!C9:C58,A8) -> 108 | E8: =SUMIFS(Payroll!$I$5:$I$54,Payroll!$C$5:$C$54,A8) -> 4600000 | F8: =SUMIFS(Payroll!$M$5:$M$54,Payroll!$C$5:$C$54,A8) -> 60050000 | G8: =SUMIFS(Payroll!$N$5:$N$54,Payroll!$C$5:$C$54,A8) -> 59450000 | H8: =COUNTIFS(Payroll!$C$5:$C$54,A8,Payroll!$O$5:$O$54,"<>OK") -> 1
A9: HR | B9: =COUNTIFS(Payroll!$C$5:$C$54,A9,Payroll!$D$5:$D$54,"Active") -> 8 | C9: =SUMIFS(Payroll!$E$5:$E$54,Payroll!$C$5:$C$54,A9) -> 49600000 | D9: =SUMIFS(Payroll!$G$5:$G$54,Payroll!C10:C59,A9) -> 108 | E9: =SUMIFS(Payroll!$I$5:$I$54,Payroll!$C$5:$C$54,A9) -> 5800000 | F9: =SUMIFS(Payroll!$M$5:$M$54,Payroll!$C$5:$C$54,A9) -> 60000000 | G9: =SUMIFS(Payroll!$N$5:$N$54,Payroll!$C$5:$C$54,A9) -> 59300000 | H9: =COUNTIFS(Payroll!$C$5:$C$54,A9,Payroll!$O$5:$O$54,"<>OK") -> 0
